City_ID,City,Country,Lat,Lng,Max Temp,Humidity,Cloudiness,Wind Speed,Date,Current Description
0,Mataura,NZ,-46.1927,168.8643,49.05,56,85,4.05,2021-10-19 20:46:50,overcast clouds
1,Albany,US,42.6001,-73.9662,63.75,52,13,1.01,2021-10-19 20:43:33,few clouds
2,East London,ZA,-33.0153,27.9116,58.73,73,0,9.31,2021-10-19 20:47:10,clear sky
3,Rikitea,PF,-23.1203,-134.9692,75.04,74,0,20.58,2021-10-19 20:47:05,clear sky
4,Gwadar,PK,25.1216,62.3254,79.25,72,0,5.1,2021-10-19 20:51:39,clear sky
5,Port Macquarie,AU,-31.4333,152.9167,58.96,90,100,9.15,2021-10-19 20:47:04,overcast clouds
6,Purwodadi,ID,-7.0868,110.9158,76.33,82,97,8.93,2021-10-19 20:51:44,overcast clouds
7,Port Elizabeth,ZA,-33.918,25.5701,62.1,79,0,12.19,2021-10-19 20:51:28,clear sky
8,Upernavik,GL,72.7868,-56.1549,34.25,77,100,18.48,2021-10-19 20:50:59,overcast clouds
9,Jamestown,US,42.097,-79.2353,67.32,51,1,17.27,2021-10-19 20:51:00,clear sky
10,Xining,CN,36.6167,101.7667,36.86,100,100,1.16,2021-10-19 20:49:24,overcast clouds
11,Butaritari,KI,3.0707,172.7902,82.76,62,1,6.58,2021-10-19 20:50:46,clear sky
12,Constitucion,CL,-35.3333,-72.4167,62.29,63,16,5.95,2021-10-19 20:47:38,few clouds
13,Hermanus,ZA,-34.4187,19.2345,60.8,88,1,11.99,2021-10-19 20:51:11,clear sky
14,Port Alfred,ZA,-33.5906,26.891,59.65,75,6,14.61,2021-10-19 20:52:05,clear sky
15,Yellowknife,CA,62.456,-114.3525,44.42,68,75,14.97,2021-10-19 20:51:06,broken clouds
16,Kuybysheve,UA,47.358,36.6491,37.58,53,1,7.47,2021-10-19 20:52:09,clear sky
17,Angoram,PG,-4.0625,144.0661,74.89,99,100,1.36,2021-10-19 20:52:12,overcast clouds
18,Kapaa,US,22.0752,-159.319,79.48,78,40,1.01,2021-10-19 20:51:06,scattered clouds
19,Mar Del Plata,AR,-38.0023,-57.5575,64.42,72,0,11.5,2021-10-19 20:48:10,clear sky
20,Sabha,LY,27.0377,14.4283,77.97,26,89,11.34,2021-10-19 20:52:21,overcast clouds
21,New Norfolk,AU,-42.7826,147.0587,42.71,77,6,2.01,2021-10-19 20:52:23,clear sky
22,Kabansk,RU,52.0486,106.6528,19.89,87,78,4.74,2021-10-19 20:52:26,broken clouds
23,Carnarvon,AU,-24.8667,113.6333,62.67,72,0,6.91,2021-10-19 20:50:59,clear sky
24,Khomutovka,RU,51.9207,34.5619,33.48,78,35,9.33,2021-10-19 20:52:31,scattered clouds
25,Saurimo,AO,-9.6608,20.3916,64.8,95,91,2.86,2021-10-19 20:50:51,light rain
26,Bredasdorp,ZA,-34.5322,20.0403,60.28,94,13,7.9,2021-10-19 20:50:54,few clouds
27,Fukue,JP,32.6881,128.8419,63.36,53,98,16.64,2021-10-19 20:52:38,overcast clouds
28,Nabire,ID,-3.3667,135.4833,74.71,88,100,3.42,2021-10-19 20:49:17,overcast clouds
29,Ulverstone,AU,-41.15,146.1667,49.21,66,6,9.89,2021-10-19 20:52:43,clear sky
30,Golden,US,39.7555,-105.2211,61.09,47,100,1.01,2021-10-19 20:51:17,overcast clouds
31,Clyde River,CA,70.4692,-68.5914,37.63,75,75,16.11,2021-10-19 20:52:48,broken clouds
32,Atuona,PF,-9.8,-139.0333,78.19,77,2,18.57,2021-10-19 20:49:48,clear sky
33,Avarua,CK,-21.2078,-159.775,78.85,57,95,6.91,2021-10-19 20:51:08,overcast clouds
34,Arraial Do Cabo,BR,-22.9661,-42.0278,67.96,94,90,11.5,2021-10-19 20:52:57,mist
35,Ushuaia,AR,-54.8,-68.3,60.46,48,40,24.16,2021-10-19 20:46:31,scattered clouds
36,Barrow,US,71.2906,-156.7887,23.02,74,90,19.57,2021-10-19 20:50:47,overcast clouds
37,Dunedin,NZ,-45.8742,170.5036,49.8,53,18,8.01,2021-10-19 20:52:46,few clouds
38,Puerto Ayora,EC,-0.7393,-90.3518,78.76,81,73,10.69,2021-10-19 20:52:52,broken clouds
39,Brooks,CA,50.5834,-111.8851,48.18,61,10,11.5,2021-10-19 20:53:11,clear sky
40,Ilulissat,GL,69.2167,-51.1,35.62,41,20,6.91,2021-10-19 20:49:37,few clouds
41,Luderitz,NA,-26.6481,15.1594,59.97,64,21,4.9,2021-10-19 20:51:15,few clouds
42,Najran,SA,17.4924,44.1277,74.05,23,6,1.79,2021-10-19 20:49:30,clear sky
43,Mao,ES,39.8885,4.2658,64.96,68,0,4.61,2021-10-19 20:50:23,clear sky
44,Busselton,AU,-33.65,115.3333,54.09,63,100,20.42,2021-10-19 20:46:44,overcast clouds
45,Lorengau,PG,-2.0226,147.2712,83.1,71,88,7.02,2021-10-19 20:50:18,overcast clouds
46,Leningradskiy,RU,69.3833,178.4167,26.01,91,100,15.01,2021-10-19 20:49:55,light snow
47,Lata,PT,40.1629,-8.3327,69.04,80,100,1.68,2021-10-19 20:53:32,overcast clouds
48,Marzuq,YE,14.4,46.4667,74.16,50,12,0.85,2021-10-19 20:51:07,few clouds
49,Cuiluan,CN,47.72,128.648,25.36,72,81,1.97,2021-10-19 20:53:39,broken clouds
50,Trenggalek,ID,-8.05,111.7167,75.18,94,100,1.83,2021-10-19 20:53:42,overcast clouds
51,Waharoa,NZ,-37.7667,175.7667,64.9,71,68,3.15,2021-10-19 20:53:44,broken clouds
52,Oranjestad,AW,12.524,-70.027,87.75,66,40,19.57,2021-10-19 20:53:47,scattered clouds
53,Nikolskoye,RU,59.7035,30.7861,33.87,79,96,3.69,2021-10-19 20:47:07,overcast clouds
54,Hovd,MN,48.0056,91.6419,32.47,57,0,0.65,2021-10-19 20:50:49,clear sky
55,Hobart,AU,-42.8794,147.3294,47.12,84,20,3.0,2021-10-19 20:50:07,few clouds
56,Georgetown,MY,5.4112,100.3354,78.89,93,20,5.01,2021-10-19 20:51:28,few clouds
57,Shache,CN,38.4167,77.2406,52.79,21,85,4.79,2021-10-19 20:54:00,overcast clouds
58,Udachnyy,RU,66.4167,112.4,28.87,95,88,14.81,2021-10-19 20:52:06,overcast clouds
59,Bethel,US,41.3712,-73.414,66.58,52,1,1.01,2021-10-19 20:50:47,clear sky
60,Pakruojis,LT,55.9667,23.8667,45.39,62,100,15.82,2021-10-19 20:54:08,overcast clouds
61,Punta Arenas,CL,-53.15,-70.9167,64.51,45,75,26.46,2021-10-19 20:49:52,broken clouds
62,Port-Cartier,CA,50.0334,-66.8654,48.74,90,100,3.29,2021-10-19 20:54:15,overcast clouds
63,Portree,GB,57.4129,-6.1942,55.85,97,100,18.77,2021-10-19 20:54:17,overcast clouds
64,Dikson,RU,73.5069,80.5464,27.97,58,100,10.76,2021-10-19 20:51:05,overcast clouds
65,Castro,BR,-24.7911,-50.0119,53.51,98,100,8.79,2021-10-19 20:51:06,overcast clouds
66,Qaanaaq,GL,77.484,-69.3632,24.51,88,98,8.93,2021-10-19 20:51:17,overcast clouds
67,Neiafu,TO,-18.65,-173.9833,79.48,65,20,11.5,2021-10-19 20:54:29,few clouds
68,Vuktyl,RU,63.8567,57.3094,31.78,98,100,6.24,2021-10-19 20:54:32,light snow
69,Tasiilaq,GL,65.6145,-37.6368,21.2,49,0,4.45,2021-10-19 20:50:52,clear sky
70,Asau,RO,46.4333,26.4,45.52,85,68,5.21,2021-10-19 20:52:55,broken clouds
71,Mayana,PH,9.7561,124.3522,70.07,92,100,4.25,2021-10-19 20:54:39,overcast clouds
72,Vaini,TO,-21.2,-175.2,77.16,78,40,8.05,2021-10-19 20:50:43,scattered clouds
73,Hofn,IS,64.2539,-15.2082,35.26,67,3,20.8,2021-10-19 20:52:23,clear sky
74,Hokitika,NZ,-42.7167,170.9667,53.65,72,33,1.9,2021-10-19 20:54:48,scattered clouds
75,Cape Town,ZA,-33.9258,18.4232,64.81,58,0,9.22,2021-10-19 20:54:51,clear sky
76,Khatanga,RU,71.9667,102.5,29.17,96,100,15.5,2021-10-19 20:51:28,light snow
77,La Reforma,MX,25.0833,-108.05,95.74,52,69,11.61,2021-10-19 20:51:40,broken clouds
78,Faya,SA,18.3851,42.4509,63.12,26,16,6.82,2021-10-19 20:50:03,few clouds
79,Gat,IL,31.61,34.7642,70.48,68,23,3.71,2021-10-19 20:49:02,few clouds
80,Tuktoyaktuk,CA,69.4541,-133.0374,19.4,100,40,10.36,2021-10-19 20:50:34,fog
81,Priupskiy,RU,53.9096,37.736,35.49,78,97,11.3,2021-10-19 20:55:09,light rain
82,Boma,GH,7.0805,-2.1697,73.24,98,100,2.68,2021-10-19 20:55:11,light rain
83,Hilo,US,19.7297,-155.09,79.25,77,75,5.75,2021-10-19 20:47:18,broken clouds
84,Salina,US,38.8403,-97.6114,80.26,47,1,11.01,2021-10-19 20:50:36,clear sky
85,Adrar,MR,20.5022,-10.0711,83.19,11,2,11.32,2021-10-19 20:48:31,clear sky
86,Mecca,SA,21.4267,39.8261,83.75,46,0,4.03,2021-10-19 20:51:57,clear sky
87,Nanortalik,GL,60.1432,-45.2371,38.55,57,0,2.33,2021-10-19 20:50:49,clear sky
88,Presidencia Roque Saenz Pena,AR,-26.7852,-60.4388,82.15,23,0,7.0,2021-10-19 20:55:25,clear sky
89,Lebu,CL,-37.6167,-73.65,58.32,78,2,10.42,2021-10-19 20:52:39,clear sky
90,Tautira,PF,-17.7333,-149.15,86.02,77,99,15.32,2021-10-19 20:51:42,light rain
91,Rincon,US,32.296,-81.2354,79.25,61,0,2.26,2021-10-19 20:55:32,clear sky
92,Brownsville,US,25.9018,-97.4975,87.03,57,95,5.99,2021-10-19 20:55:34,overcast clouds
93,Saint-Philippe,RE,-21.3585,55.7679,72.99,75,17,7.25,2021-10-19 20:50:52,few clouds
94,Tomatlan,MX,19.9333,-105.25,89.51,62,16,9.35,2021-10-19 20:55:39,few clouds
95,Ribeira Grande,PT,38.5167,-28.7,68.4,73,40,12.66,2021-10-19 20:55:41,scattered clouds
96,Burnie,AU,-41.0667,145.9167,49.95,61,5,11.9,2021-10-19 20:55:44,clear sky
97,Provideniya,RU,64.3833,-173.3,33.91,75,75,13.42,2021-10-19 20:49:59,light rain
98,Mae Hong Son,TH,19.3003,97.9685,72.95,99,100,0.45,2021-10-19 20:55:48,overcast clouds
99,Arlit,NE,18.7369,7.3853,91.94,12,100,1.48,2021-10-19 20:51:57,overcast clouds
100,Alice Town,BS,25.7167,-79.3,78.69,60,49,16.78,2021-10-19 20:55:53,scattered clouds
101,Half Moon Bay,US,37.4636,-122.4286,73.06,51,75,3.0,2021-10-19 20:55:56,broken clouds
102,Bengkulu,ID,-3.8004,102.2655,75.4,90,80,4.21,2021-10-19 20:49:17,broken clouds
103,Porto Novo,BJ,6.4965,2.6036,82.22,80,50,7.18,2021-10-19 20:56:00,scattered clouds
104,Carutapera,BR,-1.195,-46.02,81.59,73,50,9.13,2021-10-19 20:53:14,scattered clouds
105,Lang Son,VN,21.8333,106.7333,70.21,96,100,2.17,2021-10-19 20:56:05,overcast clouds
106,Bluff,NZ,-46.6,168.3333,48.81,61,93,7.87,2021-10-19 20:49:39,overcast clouds
107,Thompson,CA,55.7435,-97.8558,37.56,52,75,10.36,2021-10-19 20:50:09,broken clouds
108,Sistranda,NO,63.7256,8.834,48.9,80,100,9.19,2021-10-19 20:49:15,moderate rain
109,Codrington,AU,-38.2667,141.9667,48.27,93,87,12.71,2021-10-19 20:52:54,overcast clouds
110,Namatanai,PG,-3.6667,152.4333,81.64,76,82,5.55,2021-10-19 20:52:46,broken clouds
111,Margate,GB,51.3813,1.3862,64.96,75,100,4.0,2021-10-19 20:51:25,overcast clouds
112,Ushtobe,KZ,45.2514,77.9838,49.46,34,0,4.5,2021-10-19 20:56:26,clear sky
113,Olonets,RU,60.9847,32.9698,34.02,80,100,1.83,2021-10-19 20:56:29,overcast clouds
114,Kaniama,CD,-7.5667,24.1833,67.42,93,31,0.67,2021-10-19 20:56:31,scattered clouds
115,North Myrtle Beach,US,33.816,-78.68,77.13,53,0,1.01,2021-10-19 20:56:34,clear sky
116,Umm Lajj,SA,25.0213,37.2685,79.02,67,0,13.69,2021-10-19 20:56:41,clear sky
117,Muhos,FI,64.808,25.9931,26.38,72,100,5.06,2021-10-19 20:56:43,overcast clouds
118,Semporna,MY,4.4818,118.6112,75.4,78,100,1.01,2021-10-19 20:56:48,overcast clouds
119,Muros,ES,42.7762,-9.0603,68.85,87,39,12.57,2021-10-19 20:52:26,scattered clouds
120,Coquimbo,CL,-29.9533,-71.3436,58.73,72,75,10.36,2021-10-19 20:52:15,broken clouds
121,Bambous Virieux,MU,-20.3428,57.7575,73.65,73,40,6.91,2021-10-19 20:56:55,scattered clouds
122,Sorland,NO,67.667,12.6934,37.24,81,100,24.65,2021-10-19 20:52:13,light rain
123,Mangochi,MW,-14.4782,35.2645,75.97,58,11,13.67,2021-10-19 20:57:00,few clouds
124,Pinawa,CA,50.1489,-95.8811,45.27,54,96,11.9,2021-10-19 20:57:02,overcast clouds
125,Kavieng,PG,-2.5744,150.7967,83.03,75,83,9.95,2021-10-19 20:49:52,light rain
126,Kaitangata,NZ,-46.2817,169.8464,50.94,55,21,7.87,2021-10-19 20:50:45,few clouds
127,Dhidhdhoo,MV,6.8833,73.1,81.64,74,100,11.92,2021-10-19 20:57:10,overcast clouds
128,Yerbogachen,RU,61.2767,108.0108,34.97,85,100,11.25,2021-10-19 20:57:12,overcast clouds
129,Lompoc,US,34.6391,-120.4579,72.7,58,1,3.44,2021-10-19 20:52:25,clear sky
130,Severo-Kurilsk,RU,50.6789,156.125,39.96,89,94,7.87,2021-10-19 20:50:43,light rain
131,San Felipe,VE,10.3399,-68.7425,81.77,80,90,3.98,2021-10-19 20:57:22,overcast clouds
132,Saint George,US,37.1041,-113.5841,68.47,29,0,3.0,2021-10-19 20:57:26,clear sky
133,Macapa,BR,0.0389,-51.0664,91.38,58,75,11.5,2021-10-19 20:55:05,broken clouds
134,Kodiak,US,57.79,-152.4072,45.91,71,90,3.44,2021-10-19 20:50:48,overcast clouds
135,Nantucket,US,41.2835,-70.0995,61.97,54,13,27.72,2021-10-19 20:54:38,few clouds
136,Rayong,TH,12.8333,101.4333,81.79,99,100,2.62,2021-10-19 20:57:36,overcast clouds
137,Jacksonville,US,30.3322,-81.6556,81.25,58,1,1.99,2021-10-19 20:57:27,clear sky
138,Rafsanjan,IR,30.4067,55.9939,71.38,15,0,6.4,2021-10-19 20:57:43,clear sky
139,Sao Filipe,CV,14.8961,-24.4956,80.42,71,1,2.26,2021-10-19 20:52:55,clear sky
140,Cherskiy,RU,68.75,161.3,-13.0,100,100,2.39,2021-10-19 20:51:24,overcast clouds
141,Fortuna,US,40.5982,-124.1573,66.85,45,20,11.01,2021-10-19 20:48:18,few clouds
142,Port Keats,AU,-14.25,129.55,81.73,78,39,6.93,2021-10-19 20:57:52,scattered clouds
143,Saint-Pierre,RE,-21.3393,55.4781,73.08,73,75,6.91,2021-10-19 20:57:55,broken clouds
144,Ginir,ET,7.1333,40.7,57.33,49,42,5.26,2021-10-19 20:57:57,scattered clouds
145,Auki,SB,-8.7676,160.7034,80.29,82,100,4.23,2021-10-19 20:51:31,overcast clouds
146,Shestakovo,RU,56.4915,103.96,34.57,99,100,3.11,2021-10-19 20:58:02,light rain
147,Souillac,MU,-20.5167,57.5167,73.78,73,40,6.91,2021-10-19 20:51:36,scattered clouds
148,Kavaratti,IN,10.5669,72.642,81.7,75,100,8.32,2021-10-19 20:47:50,overcast clouds
149,Norman Wells,CA,65.282,-126.8329,19.44,86,75,3.44,2021-10-19 20:58:09,broken clouds
150,Haimen,CN,23.1935,116.6142,71.49,84,100,12.75,2021-10-19 20:58:12,overcast clouds
151,Olafsvik,IS,64.8945,-23.7142,37.53,66,6,36.51,2021-10-19 20:50:54,clear sky
152,Victoria,HK,22.2855,114.1577,79.32,80,98,1.99,2021-10-19 20:51:04,overcast clouds
153,Ornskoldsvik,SE,63.2909,18.7153,39.02,100,90,14.97,2021-10-19 20:58:19,overcast clouds
154,Altay,CN,47.8667,88.1167,40.53,37,0,11.1,2021-10-19 20:58:21,clear sky
155,Zaoyang,CN,32.1272,112.7542,51.85,92,100,5.66,2021-10-19 20:58:24,light rain
156,San Cristobal,VE,7.7669,-72.225,80.78,57,60,5.59,2021-10-19 20:58:27,broken clouds
157,Tiksi,RU,71.6872,128.8694,18.41,95,100,7.78,2021-10-19 20:51:52,light snow
158,Miri,MY,4.4148,114.0089,75.34,94,20,3.44,2021-10-19 20:58:31,few clouds
159,Verkhoyansk,RU,67.5447,133.385,9.43,95,100,3.69,2021-10-19 20:58:34,light snow
160,Lagoa,PT,39.05,-27.9833,68.2,71,3,14.47,2021-10-19 20:51:41,clear sky
161,Jawhar,SO,2.7809,45.5005,78.08,79,100,9.91,2021-10-19 20:58:39,overcast clouds
162,Youghal,IE,51.95,-7.8506,56.01,100,54,8.61,2021-10-19 20:58:41,broken clouds
163,San Quintin,MX,30.4833,-115.95,66.11,55,0,14.76,2021-10-19 20:58:46,clear sky
164,Puerto Leguizamo,CO,-0.1934,-74.7819,78.78,84,96,4.36,2021-10-19 20:58:49,overcast clouds
165,Deputatskiy,RU,69.3,139.9,-11.74,89,74,3.65,2021-10-19 20:58:51,broken clouds
166,Touros,BR,-5.1989,-35.4608,83.3,79,19,16.15,2021-10-19 20:56:51,few clouds
167,Wolgast,DE,54.05,13.7667,54.86,92,100,15.86,2021-10-19 20:58:56,light rain
168,Muskegon,US,43.3,-86.1334,71.46,69,1,10.36,2021-10-19 20:56:12,clear sky
169,Chelmno,PL,53.3485,18.4251,55.35,67,100,11.99,2021-10-19 20:59:01,overcast clouds
170,Gimli,CA,50.6336,-96.9907,48.43,65,46,23.02,2021-10-19 20:53:14,scattered clouds
171,Ternate,ID,0.8,127.4,80.53,79,44,2.95,2021-10-19 20:51:41,scattered clouds
172,Vestmanna,FO,62.1564,-7.1664,45.52,100,75,26.46,2021-10-19 20:59:08,broken clouds
173,Faanui,PF,-16.4833,-151.75,80.26,76,97,14.45,2021-10-19 20:50:33,overcast clouds
174,Moissala,TD,8.3404,17.7663,71.96,93,100,0.58,2021-10-19 20:59:13,light rain
175,Yenagoa,NG,4.9247,6.2642,73.6,96,100,3.49,2021-10-19 20:59:15,overcast clouds
176,Plettenberg Bay,ZA,-34.0527,23.3716,57.56,81,0,6.55,2021-10-19 20:59:18,clear sky
177,Fort Nelson,CA,58.8053,-122.7002,29.79,74,75,3.44,2021-10-19 20:59:20,broken clouds
178,Cap Malheureux,MU,-19.9842,57.6142,73.89,78,33,3.0,2021-10-19 20:59:05,scattered clouds
179,Beringovskiy,RU,63.05,179.3167,25.72,78,39,14.85,2021-10-19 20:52:53,scattered clouds
180,De Land,US,29.0283,-81.3031,82.98,55,40,11.5,2021-10-19 20:59:27,scattered clouds
181,Bollnas,SE,61.3482,16.3946,40.39,98,100,5.06,2021-10-19 20:59:30,overcast clouds
182,Meulaboh,ID,4.1363,96.1285,75.52,90,83,3.53,2021-10-19 20:52:10,broken clouds
183,Kaeo,NZ,-35.1,173.7833,61.32,84,90,7.2,2021-10-19 20:59:34,overcast clouds
184,Tsiroanomandidy,MG,-18.7667,46.0333,74.08,60,66,2.44,2021-10-19 20:59:37,light rain
185,Maragogi,BR,-9.0122,-35.2225,77.79,81,100,11.7,2021-10-19 20:59:40,overcast clouds
186,Camacha,PT,33.0833,-16.3333,73.53,83,20,8.05,2021-10-19 20:52:43,few clouds
187,Yulara,AU,-25.2406,130.9889,71.44,26,5,0.0,2021-10-19 20:53:05,clear sky
188,Aklavik,CA,68.2191,-135.0107,18.43,87,67,10.83,2021-10-19 20:49:49,broken clouds
189,Thinadhoo,MV,0.5333,72.9333,83.1,74,55,14.18,2021-10-19 20:49:37,broken clouds
190,Mount Isa,AU,-20.7333,139.5,71.37,56,16,0.0,2021-10-19 20:59:56,few clouds
191,Feijo,BR,-8.1642,-70.3536,82.76,70,91,1.66,2021-10-19 20:59:58,overcast clouds
192,Qaqortoq,GL,60.7167,-46.0333,37.04,49,0,2.89,2021-10-19 21:00:01,clear sky
193,Komsomolskiy,UZ,40.4272,71.7189,53.02,54,100,6.91,2021-10-19 20:52:41,overcast clouds
194,Hithadhoo,MV,-0.6,73.0833,83.05,73,62,14.12,2021-10-19 20:51:41,broken clouds
195,Damghan,IR,36.1683,54.348,58.15,54,21,3.58,2021-10-19 21:00:09,few clouds
196,Haines Junction,CA,60.7522,-137.5108,33.94,64,100,3.27,2021-10-19 21:00:12,overcast clouds
197,Cabo San Lucas,MX,22.8909,-109.9124,90.61,67,28,10.96,2021-10-19 20:56:08,scattered clouds
198,Bereda,ES,43.2686,-7.5406,69.42,61,100,9.17,2021-10-19 20:51:09,overcast clouds
199,Saskylakh,RU,71.9167,114.0833,21.13,97,100,0.65,2021-10-19 20:52:00,light snow
200,Krasnoselkup,RU,65.7,82.4667,40.37,92,100,21.88,2021-10-19 21:00:21,light rain
201,Kudat,MY,6.8837,116.8477,78.78,86,87,8.55,2021-10-19 21:00:24,overcast clouds
202,Balkhash,KZ,46.844,74.9804,47.71,44,0,8.7,2021-10-19 21:00:27,clear sky
203,Hay River,CA,60.8156,-115.7999,42.85,49,55,10.45,2021-10-19 21:00:29,broken clouds
204,San Patricio,US,28.017,-97.5169,85.15,59,100,14.05,2021-10-19 21:00:32,overcast clouds
205,Bathsheba,BB,13.2167,-59.5167,74.01,100,40,16.11,2021-10-19 20:53:09,scattered clouds
206,Labuhan,ID,-6.8844,112.2051,79.25,82,100,7.63,2021-10-19 21:00:36,overcast clouds
207,Rongcheng,CN,30.634,117.8517,53.64,92,100,8.16,2021-10-19 21:00:39,overcast clouds
208,Nome,US,64.5011,-165.4064,33.87,86,90,17.27,2021-10-19 20:51:50,mist
209,Saint-Francois,FR,46.4154,3.9054,52.68,93,0,2.3,2021-10-19 20:51:14,clear sky
210,Talcahuano,CL,-36.7167,-73.1167,58.1,77,2,6.78,2021-10-19 21:00:46,clear sky
211,Sioux Lookout,CA,50.1001,-91.917,44.98,81,90,9.22,2021-10-19 20:58:10,overcast clouds
212,Hobyo,SO,5.3505,48.5268,78.33,85,72,12.77,2021-10-19 21:00:51,broken clouds
213,Tutoia,BR,-2.7619,-42.2744,80.8,80,53,12.37,2021-10-19 21:00:53,broken clouds
214,Alta Gracia,AR,-31.6529,-64.4283,82.89,20,0,11.59,2021-10-19 21:00:56,clear sky
215,Oranjemund,NA,-28.55,16.4333,66.94,45,99,4.16,2021-10-19 21:00:59,overcast clouds
216,Chokurdakh,RU,70.6333,147.9167,-10.95,97,97,6.38,2021-10-19 20:46:48,overcast clouds
217,Gueret,FR,46.1667,1.8667,59.63,75,54,5.95,2021-10-19 21:01:03,broken clouds
218,Cururupu,BR,-1.8283,-44.8683,80.55,73,50,5.35,2021-10-19 21:01:06,scattered clouds
219,Broome,US,42.2506,-75.833,65.17,50,0,5.01,2021-10-19 21:01:09,clear sky
220,Dwarka,IN,22.2394,68.9678,80.01,61,4,8.93,2021-10-19 21:01:11,clear sky
221,Wagar,SD,16.1525,36.2032,84.36,48,1,10.63,2021-10-19 21:01:14,clear sky
222,Coari,BR,-4.085,-63.1414,83.98,67,55,1.81,2021-10-19 21:01:17,broken clouds
223,Ravar,IR,31.2656,56.8055,68.68,15,0,4.92,2021-10-19 21:01:21,clear sky
224,Pevek,RU,69.7008,170.3133,15.31,92,100,15.26,2021-10-19 21:01:24,overcast clouds
225,Ridgecrest,US,35.6225,-117.6709,71.69,18,0,2.93,2021-10-19 21:01:26,clear sky
226,Oudtshoorn,ZA,-33.5907,22.2014,59.29,65,0,2.46,2021-10-19 21:01:29,clear sky
227,Kisvarda,HU,48.2167,22.0833,50.07,69,35,7.0,2021-10-19 21:01:32,scattered clouds
228,Sept-Iles,CA,50.2001,-66.3821,49.05,94,90,5.75,2021-10-19 20:56:52,light intensity drizzle
229,Vyartsilya,RU,62.1764,30.693,29.28,83,98,2.37,2021-10-19 21:01:37,overcast clouds
230,Ulaangom,MN,49.9811,92.0667,31.57,70,0,2.37,2021-10-19 21:01:39,clear sky
231,Kolyshley,RU,52.7005,44.5367,40.12,83,86,7.81,2021-10-19 21:01:42,overcast clouds
232,Francistown,BW,-21.17,27.5079,53.4,82,96,16.24,2021-10-19 21:01:44,overcast clouds
233,Kinango,KE,-4.1372,39.3153,70.11,96,69,3.89,2021-10-19 21:01:47,broken clouds
234,Totness,SR,5.8833,-56.3167,82.04,74,62,10.71,2021-10-19 21:01:49,broken clouds
235,Asyut,EG,27.181,31.1837,74.8,41,98,11.97,2021-10-19 21:00:29,overcast clouds
236,Dudinka,RU,69.4058,86.1778,31.35,97,100,10.31,2021-10-19 21:01:54,light snow
237,Cananeia,BR,-25.0147,-47.9267,61.57,86,100,8.55,2021-10-19 21:01:57,overcast clouds
238,Vila Franca Do Campo,PT,37.7167,-25.4333,66.61,73,0,4.5,2021-10-19 21:01:59,clear sky
239,Airai,TL,-8.9266,125.4092,60.91,71,53,2.77,2021-10-19 21:02:02,broken clouds
240,Pobe,BJ,6.9801,2.6649,74.61,93,84,5.06,2021-10-19 21:02:05,broken clouds
241,Hailar,CN,49.2,119.7,25.83,80,7,3.71,2021-10-19 21:01:45,clear sky
242,Padang,ID,-0.9492,100.3543,77.34,89,98,3.31,2021-10-19 20:49:15,overcast clouds
243,Mehamn,NO,71.0357,27.8492,30.13,72,96,3.85,2021-10-19 21:02:12,light snow
244,Miles City,US,46.4083,-105.8406,41.5,81,90,10.36,2021-10-19 21:02:14,overcast clouds
245,Mutis,CO,6.2262,-77.4044,80.1,84,99,8.7,2021-10-19 21:02:17,light rain
246,Pavlovskaya Sloboda,RU,55.8156,37.0828,37.26,91,79,8.19,2021-10-19 21:02:19,broken clouds
247,High Level,CA,58.5169,-117.136,42.98,54,71,9.24,2021-10-19 21:02:22,broken clouds
248,West Wendover,US,40.7391,-114.0733,55.17,40,7,4.05,2021-10-19 21:02:25,clear sky
249,Erenhot,CN,43.6475,111.9767,33.37,35,1,1.12,2021-10-19 21:02:29,clear sky
250,Turukhansk,RU,65.8167,87.9833,36.72,96,100,14.92,2021-10-19 21:02:32,light rain
251,Siilinjarvi,FI,63.0833,27.6667,28.42,86,0,4.61,2021-10-19 21:02:35,clear sky
252,Ponta Do Sol,PT,32.6667,-17.1,77.0,74,100,3.15,2021-10-19 21:02:37,overcast clouds
253,Longyearbyen,SJ,78.2186,15.6401,10.0,78,10,2.71,2021-10-19 21:02:40,clear sky
254,Kearney,US,40.6995,-99.0815,76.15,30,1,19.84,2021-10-19 20:58:13,clear sky
255,Celestun,MX,20.8667,-90.4,84.38,65,100,10.94,2021-10-19 21:02:44,overcast clouds
256,Mount Gambier,AU,-37.8333,140.7667,45.82,85,100,7.36,2021-10-19 21:02:47,overcast clouds
257,Vostok,RU,46.4856,135.8833,12.27,79,3,2.28,2021-10-19 20:57:35,clear sky
258,San Isidro,PE,-12.1167,-77.05,64.26,79,43,3.0,2021-10-19 21:02:52,scattered clouds
259,Tambura,SS,5.6,27.4667,70.14,87,100,3.0,2021-10-19 21:00:30,overcast clouds
260,Northam,GB,51.0333,-4.2167,61.66,97,100,12.53,2021-10-19 21:02:56,light rain
261,Saint-Augustin,CA,51.226,-58.6502,43.45,96,100,17.49,2021-10-19 21:02:59,overcast clouds
262,Plouzane,FR,48.3833,-4.6167,62.92,91,75,20.71,2021-10-19 21:03:01,moderate rain
263,Chuy,UY,-33.6971,-53.4616,60.85,69,30,10.56,2021-10-19 21:03:04,scattered clouds
264,Saldanha,ZA,-33.0117,17.9442,63.01,62,0,10.69,2021-10-19 21:03:07,clear sky
265,Khandyga,RU,62.6667,135.6,10.71,93,100,5.39,2021-10-19 21:03:10,light snow
266,Aanekoski,FI,62.6946,25.818,30.27,100,100,6.33,2021-10-19 21:03:12,overcast clouds
267,Lavrentiya,RU,65.5833,-171.0,29.08,96,100,17.49,2021-10-19 21:03:17,snow
268,Dingle,PH,10.9995,122.6711,75.51,94,100,4.74,2021-10-19 21:03:19,moderate rain
269,Karratha,AU,-20.7377,116.8463,66.18,53,64,13.22,2021-10-19 21:03:22,broken clouds
270,Coihaique,CL,-45.5752,-72.0662,66.99,58,2,7.99,2021-10-19 21:02:03,clear sky
271,Rocha,UY,-34.4833,-54.3333,60.42,73,16,11.92,2021-10-19 21:00:33,few clouds
272,Cap-Aux-Meules,CA,47.3821,-61.8597,50.05,71,90,8.05,2021-10-19 20:57:58,overcast clouds
273,Vignola,IT,44.483,11.0048,57.43,79,39,4.74,2021-10-19 21:03:31,scattered clouds
274,Cidreira,BR,-30.1811,-50.2056,63.16,68,3,10.31,2021-10-19 21:03:34,clear sky
275,Sitka,US,57.0531,-135.33,47.41,71,100,9.84,2021-10-19 21:01:06,overcast clouds
276,Kirensk,RU,57.7853,108.1119,34.2,99,100,4.68,2021-10-19 21:03:41,light rain
277,Kunming,CN,25.0389,102.7183,58.37,93,76,4.83,2021-10-19 21:03:43,broken clouds
278,Kununurra,AU,-15.7667,128.7333,78.78,83,41,2.3,2021-10-19 21:01:04,scattered clouds
279,Esperance,AU,-33.8667,121.9,60.64,69,74,32.06,2021-10-19 21:03:50,broken clouds
280,Chingirlau,KZ,51.095,54.0814,44.29,64,100,7.27,2021-10-19 21:03:53,overcast clouds
281,Torbay,CA,47.6666,-52.7314,52.75,87,4,3.0,2021-10-19 21:03:55,clear sky
282,Punta De Bombon,PE,-17.1717,-71.7931,65.25,76,74,7.76,2021-10-19 21:03:58,broken clouds
283,Fuengirola,ES,36.54,-4.6247,72.09,85,20,2.3,2021-10-19 20:59:31,few clouds
284,Beaupre,CA,47.0443,-70.8953,50.05,82,100,9.51,2021-10-19 21:04:02,overcast clouds
285,Poya,NC,-21.35,165.15,76.75,79,100,1.95,2021-10-19 21:04:10,moderate rain
286,Walvis Bay,NA,-22.9575,14.5053,59.09,87,100,9.93,2021-10-19 21:04:12,overcast clouds
287,Zyryanka,RU,65.75,150.85,-3.6,98,59,5.5,2021-10-19 21:04:15,broken clouds
288,Salinopolis,BR,-0.6136,-47.3561,80.31,82,70,10.71,2021-10-19 21:04:17,broken clouds
289,Waingapu,ID,-9.6567,120.2641,79.14,81,100,4.25,2021-10-19 21:04:20,overcast clouds
290,Geraldton,AU,-28.7667,114.6,63.01,59,40,18.41,2021-10-19 21:04:22,scattered clouds
291,Tezu,IN,27.9167,96.1667,72.46,93,100,1.79,2021-10-19 21:04:25,overcast clouds
292,Pisco,PE,-13.7,-76.2167,66.25,68,0,11.5,2021-10-19 21:04:28,clear sky
293,Barstow,US,34.8986,-117.0228,73.29,17,0,6.2,2021-10-19 21:04:30,clear sky
294,Kahului,US,20.8947,-156.47,84.22,65,20,19.57,2021-10-19 21:04:33,few clouds
295,Altamira,BR,-3.2033,-52.2064,77.29,85,98,2.37,2021-10-19 21:04:35,overcast clouds
296,Kichera,RU,55.9375,110.0997,28.83,92,98,0.72,2021-10-19 21:04:38,overcast clouds
297,Alyangula,AU,-13.8483,136.4192,82.27,83,75,10.36,2021-10-19 21:04:40,broken clouds
298,Ust-Maya,RU,60.4167,134.5333,14.9,94,100,3.91,2021-10-19 21:04:43,light snow
299,Sur,OM,22.5667,59.5289,82.74,51,76,9.82,2021-10-19 21:04:45,broken clouds
300,Fernley,US,39.608,-119.2518,64.27,35,98,7.94,2021-10-19 21:01:39,overcast clouds
301,Conceicao Do Araguaia,BR,-8.2578,-49.2647,85.95,51,99,1.97,2021-10-19 21:04:30,overcast clouds
302,Namibe,AO,-15.1961,12.1522,65.66,89,45,5.93,2021-10-19 21:04:52,scattered clouds
303,Nouadhibou,MR,20.931,-17.0347,69.98,87,99,15.93,2021-10-19 21:01:54,overcast clouds
304,Ullal,IN,12.8,74.85,79.75,83,40,0.0,2021-10-19 21:04:57,scattered clouds
305,Awjilah,LY,29.1081,21.2869,73.22,41,75,10.6,2021-10-19 21:05:00,broken clouds
306,Douentza,ML,14.9951,-2.9517,85.95,46,62,2.44,2021-10-19 21:05:02,broken clouds
307,Alabushevo,RU,56.01,37.15,36.63,93,90,11.18,2021-10-19 21:05:05,overcast clouds
308,Banting,MY,2.8167,101.5,78.93,88,91,2.51,2021-10-19 21:05:08,overcast clouds
309,Mana,GF,5.6592,-53.7767,81.28,76,88,7.72,2021-10-19 21:05:11,overcast clouds
310,High Prairie,CA,55.4334,-116.4858,47.79,54,100,10.25,2021-10-19 21:05:13,overcast clouds
311,Kampong Thum,KH,12.7111,104.8887,75.76,91,86,2.44,2021-10-19 21:05:16,very heavy rain
312,Kampen,NL,52.555,5.9111,63.99,86,98,17.92,2021-10-19 21:05:18,overcast clouds
313,Nuuk,GL,64.1835,-51.7216,38.01,35,2,11.5,2021-10-19 21:05:21,clear sky
314,Dolinsk,RU,47.35,142.8,31.86,76,100,12.24,2021-10-19 20:58:35,light snow
315,Honningsvag,NO,70.9821,25.9704,24.33,71,98,3.0,2021-10-19 21:05:25,light snow
316,Port-Gentil,GA,-0.7193,8.7815,78.01,82,98,11.01,2021-10-19 21:05:28,overcast clouds
317,Talnakh,RU,69.4865,88.3972,29.64,97,100,7.63,2021-10-19 21:03:07,light snow
318,Zhigansk,RU,66.7697,123.3711,30.92,98,100,11.54,2021-10-19 21:05:33,snow
319,Caravelas,BR,-17.7125,-39.2481,76.6,82,22,8.88,2021-10-19 21:05:13,few clouds
320,Evensk,RU,61.95,159.2333,10.76,75,100,8.43,2021-10-19 21:05:38,overcast clouds
321,Chemodanovka,RU,53.2316,45.2474,40.42,38,23,4.36,2021-10-19 21:05:40,few clouds
322,Sobolevo,RU,54.4299,31.8996,29.64,78,36,6.2,2021-10-19 21:03:50,scattered clouds
323,Bac Lieu,VN,9.285,105.7244,78.42,85,26,2.08,2021-10-19 21:05:50,scattered clouds
324,Baturaja,ID,-4.1333,104.1667,72.91,98,80,1.34,2021-10-19 21:05:52,broken clouds
325,Avera,US,33.194,-82.5271,78.71,30,0,1.66,2021-10-19 20:57:28,clear sky
326,Moerai,PF,-22.4333,-151.3333,76.24,84,100,17.02,2021-10-19 20:59:10,moderate rain
327,Ambon,ID,-3.6954,128.1814,77.14,94,40,3.44,2021-10-19 21:06:00,scattered clouds
328,Mirpur Sakro,PK,24.5474,67.6277,77.22,63,0,9.46,2021-10-19 21:06:02,clear sky
329,Hue,VN,16.4667,107.6,75.31,94,75,4.61,2021-10-19 21:06:05,broken clouds
330,Tanout,NE,14.9709,8.8879,89.24,16,0,7.85,2021-10-19 21:06:08,clear sky
331,Murgab,TM,37.4966,61.9714,62.1,14,99,4.88,2021-10-19 21:06:10,overcast clouds
332,Juneau,US,58.3019,-134.4197,47.84,80,100,5.32,2021-10-19 21:03:15,overcast clouds
333,Mabaruma,GY,8.2,-59.7833,79.74,83,39,4.43,2021-10-19 21:06:15,scattered clouds
334,Acoyapa,NI,11.9703,-85.1711,83.03,80,96,5.32,2021-10-19 21:06:18,overcast clouds
335,Ningxiang,CN,37.34,111.2052,42.96,83,100,2.08,2021-10-19 21:06:20,light rain
336,Izberbash,RU,42.5696,47.8645,51.85,81,100,20.51,2021-10-19 21:06:23,overcast clouds
337,Troyes,FR,48.3333,4.0833,61.14,67,0,8.05,2021-10-19 21:06:25,clear sky
338,Port Blair,IN,11.6667,92.75,80.67,84,18,6.69,2021-10-19 21:06:13,few clouds
339,Kloulklubed,PW,7.0419,134.2556,83.03,77,100,8.43,2021-10-19 21:03:13,overcast clouds
340,Acapulco,MX,16.8634,-99.8901,85.82,74,75,4.61,2021-10-19 21:05:33,broken clouds
341,Stawell,AU,-37.05,142.7667,46.27,86,35,3.2,2021-10-19 21:06:37,scattered clouds
342,Sokolo,ML,14.7328,-6.1219,88.32,44,96,6.44,2021-10-19 21:06:39,overcast clouds
343,Muravlenko,RU,63.7898,74.523,43.92,81,100,22.75,2021-10-19 21:06:42,overcast clouds
344,Orsha,BY,54.5153,30.4053,32.68,66,96,3.6,2021-10-19 21:06:45,overcast clouds
345,Coreau,BR,-3.5333,-40.6567,84.7,55,26,9.15,2021-10-19 21:06:47,scattered clouds
346,Ratnagiri,IN,16.9833,73.3,75.34,85,29,6.6,2021-10-19 21:06:50,scattered clouds
347,Hartford,US,41.7668,-72.7662,65.84,48,1,1.01,2021-10-19 21:05:51,clear sky
348,Kutum,SD,14.2,24.6667,78.4,18,48,16.26,2021-10-19 21:06:54,scattered clouds
349,Delaware,US,39.0004,-75.4999,71.17,44,1,1.01,2021-10-19 21:06:59,clear sky
350,Cabra,ES,37.4725,-4.4421,71.4,61,13,5.23,2021-10-19 21:07:02,few clouds
351,Quatre Cocos,MU,-20.2078,57.7625,73.09,75,31,8.75,2021-10-19 21:07:05,scattered clouds
352,Bandarbeyla,SO,9.4942,50.8122,77.76,85,99,8.3,2021-10-19 21:07:12,overcast clouds
353,Les Cayes,HT,18.2,-73.75,84.88,70,100,6.58,2021-10-19 21:07:15,overcast clouds
354,Presque Isle,US,46.6811,-68.0159,46.83,74,90,5.99,2021-10-19 21:03:38,overcast clouds
355,Sangar,RU,63.9242,127.4739,14.13,93,100,12.28,2021-10-19 21:07:22,light snow
356,Nazarovo,RU,56.0064,90.3914,36.9,73,49,3.27,2021-10-19 21:07:24,scattered clouds
357,Pangnirtung,CA,66.1451,-65.7125,32.0,93,90,2.3,2021-10-19 20:58:01,overcast clouds
358,Robertsport,LR,6.7533,-11.3686,79.5,84,90,7.63,2021-10-19 21:07:31,light rain
359,El Alto,PE,-4.2714,-81.2147,69.46,79,100,15.41,2021-10-19 21:07:34,overcast clouds
360,Oistins,BB,13.0667,-59.5333,84.29,61,20,13.8,2021-10-19 21:07:36,few clouds
361,Salvador,SV,13.8333,-88.9167,70.2,79,80,1.81,2021-10-19 21:07:39,broken clouds
362,Nezhinka,RU,51.7676,55.3694,41.16,81,75,8.95,2021-10-19 21:07:44,light rain
363,Ntungamo,UG,-0.8833,29.65,64.24,99,100,1.72,2021-10-19 21:07:46,moderate rain
364,Morehead,US,37.2711,-87.1764,74.3,42,1,4.61,2021-10-19 21:07:49,clear sky
365,Kabalo,CD,-6.05,26.9167,70.77,94,100,3.4,2021-10-19 21:07:53,overcast clouds
366,Tigzirt,DZ,36.8886,4.1198,66.0,57,5,10.76,2021-10-19 21:07:56,clear sky
367,Hambantota,LK,6.1241,81.1185,79.25,77,97,11.27,2021-10-19 21:07:58,overcast clouds
368,Zhezkazgan,KZ,47.8043,67.7144,48.31,40,99,7.81,2021-10-19 20:59:28,overcast clouds
369,Kayseri,TR,38.737,35.4968,46.42,76,75,8.05,2021-10-19 21:08:03,broken clouds
370,Usinsk,RU,65.9939,57.5281,30.94,89,100,7.2,2021-10-19 21:08:06,overcast clouds
371,Shimoda,JP,34.6667,138.95,55.11,70,0,22.59,2021-10-19 21:08:09,clear sky
372,Manuk Mangkaw,PH,4.8,119.85,82.99,75,100,7.05,2021-10-19 21:08:11,overcast clouds
373,Bathurst,AU,-33.4166,149.5806,51.84,76,39,1.01,2021-10-19 21:07:26,scattered clouds
374,Turka,UA,49.1541,23.0297,44.94,82,48,10.2,2021-10-19 21:08:16,scattered clouds
375,Damietta,EG,31.4165,31.8133,72.12,63,28,9.95,2021-10-19 21:08:19,scattered clouds
376,Satao,PT,40.7418,-7.7329,62.04,88,69,3.31,2021-10-19 21:08:21,broken clouds
377,Alofi,NU,-19.0595,-169.9187,75.4,62,53,17.11,2021-10-19 21:08:24,broken clouds
378,Lazaro Cardenas,MX,17.9583,-102.2,83.57,77,100,4.72,2021-10-19 21:08:26,overcast clouds
379,Pizarro,CO,4.9533,-77.366,79.38,84,100,8.95,2021-10-19 21:08:29,light rain
380,Bonavista,CA,48.6499,-53.1147,52.12,82,1,8.93,2021-10-19 21:08:34,clear sky
381,Trapani,IT,37.8333,12.6667,62.78,78,0,4.7,2021-10-19 21:08:36,clear sky
382,Grand Gaube,MU,-20.0064,57.6608,73.38,79,35,1.99,2021-10-19 21:08:39,light rain
383,Matay,EG,28.419,30.7792,72.54,49,79,17.25,2021-10-19 21:08:41,broken clouds
384,Jiayuguan,CN,39.8167,98.3,36.68,35,13,4.0,2021-10-19 21:08:44,few clouds
385,Fairbanks,US,64.8378,-147.7164,36.91,63,75,9.22,2021-10-19 21:08:47,broken clouds
386,Klaksvik,FO,62.2266,-6.589,47.32,95,100,32.7,2021-10-19 21:08:49,overcast clouds
387,Traralgon,AU,-38.1833,146.5333,57.42,91,92,1.99,2021-10-19 21:08:52,overcast clouds
388,Isangel,VU,-19.55,169.2667,78.22,85,100,9.4,2021-10-19 21:08:54,overcast clouds
389,Manono,CD,-7.3,27.4167,72.55,91,100,1.16,2021-10-19 21:08:57,overcast clouds
390,Guerrero Negro,MX,27.9769,-114.0611,70.54,54,2,16.02,2021-10-19 21:08:59,clear sky
391,Solano,US,38.2333,-121.9511,71.44,39,1,9.22,2021-10-19 21:09:02,haze
392,Husavik,IS,66.0449,-17.3389,33.37,71,100,21.99,2021-10-19 21:09:04,overcast clouds
393,Labrea,BR,-7.2586,-64.7981,82.15,74,85,2.37,2021-10-19 21:09:09,overcast clouds
394,Puerto Montt,CL,-41.4698,-72.9447,67.03,59,0,10.36,2021-10-19 21:09:12,clear sky
395,Tazmalt,DZ,36.3868,4.3989,62.22,53,1,2.19,2021-10-19 21:09:14,clear sky
396,Itarema,BR,-2.9248,-39.9167,80.33,79,22,15.03,2021-10-19 21:09:17,few clouds
397,The Valley,AI,18.217,-63.0578,85.86,74,20,8.05,2021-10-19 21:09:06,few clouds
398,Pangkalanbuun,ID,-2.6833,111.6167,73.24,98,100,1.54,2021-10-19 21:05:42,overcast clouds
399,Vanavara,RU,60.34,102.2797,34.77,93,100,7.63,2021-10-19 21:09:24,overcast clouds
400,Port Said,EG,31.2565,32.2841,74.01,62,75,11.92,2021-10-19 21:07:47,broken clouds
401,Hirara,JP,24.8,125.2833,76.95,68,84,20.85,2021-10-19 21:09:28,broken clouds
402,Gravdal,NO,68.1214,13.5031,37.96,64,100,31.99,2021-10-19 21:09:31,overcast clouds
403,Ngunguru,NZ,-35.6167,174.5,63.16,71,79,7.18,2021-10-19 21:09:34,broken clouds
404,Lichinga,MZ,-13.3128,35.2406,68.32,54,99,8.84,2021-10-19 21:09:36,overcast clouds
405,Hasaki,JP,35.7333,140.8333,54.0,88,15,8.39,2021-10-19 21:09:39,few clouds
406,Chardara,KZ,41.2547,67.9692,59.79,26,87,5.77,2021-10-19 21:09:41,overcast clouds
407,Wanning,CN,18.8003,110.3967,77.36,92,99,3.69,2021-10-19 21:09:44,overcast clouds
408,Salalah,OM,17.0151,54.0924,78.89,83,40,4.61,2021-10-19 21:09:46,scattered clouds
409,Pandan,PH,14.0453,124.1694,79.9,86,92,8.57,2021-10-19 21:09:51,heavy intensity rain
410,Srednekolymsk,RU,67.45,153.6833,-7.55,99,59,5.88,2021-10-19 21:09:53,broken clouds
411,Iskateley,RU,67.6803,53.1512,33.62,99,100,5.39,2021-10-19 21:09:56,light rain
412,Bazaliya,UA,49.7127,26.4733,45.28,92,97,5.82,2021-10-19 21:10:03,overcast clouds
413,Yarim,YE,14.298,44.3779,55.15,29,53,4.59,2021-10-19 21:10:06,broken clouds
414,Tombouctou,ML,20.0,-3.0,83.61,14,98,16.82,2021-10-19 21:10:09,overcast clouds
415,Kasongo-Lunda,CD,-6.4667,16.8167,71.02,98,100,1.14,2021-10-19 21:10:12,moderate rain
416,Maun,BW,-19.9833,23.4167,65.89,60,86,11.95,2021-10-19 21:10:14,overcast clouds
417,Muisne,EC,0.6,-80.0333,82.51,80,84,9.22,2021-10-19 21:10:17,broken clouds
418,Maceio,BR,-9.6658,-35.7353,80.04,89,20,6.91,2021-10-19 21:05:36,few clouds
419,Atasu,KZ,48.6814,71.6433,45.19,39,2,6.2,2021-10-19 21:10:22,clear sky
420,Bilma,NE,18.6853,12.9164,85.78,14,0,8.39,2021-10-19 21:10:24,clear sky
421,Paracuru,BR,-3.41,-39.0306,82.42,79,15,13.73,2021-10-19 21:10:27,few clouds
422,Yaan,NG,7.3833,8.5667,73.92,92,96,8.61,2021-10-19 21:10:30,overcast clouds
423,Sao Miguel Do Iguacu,BR,-25.3481,-54.2378,81.61,87,47,5.35,2021-10-19 21:10:32,scattered clouds
424,Kenai,US,60.5544,-151.2583,42.03,72,40,23.02,2021-10-19 21:10:35,scattered clouds
425,Presidente Epitacio,BR,-21.7633,-52.1156,71.83,73,96,10.45,2021-10-19 21:10:37,overcast clouds
426,Buala,SB,-8.145,159.5921,82.11,74,99,2.44,2021-10-19 21:10:40,overcast clouds
427,Ancud,CL,-41.8697,-73.8203,58.48,81,27,5.88,2021-10-19 21:03:50,scattered clouds
428,Port Hedland,AU,-20.3167,118.5667,69.85,68,100,8.05,2021-10-19 21:10:45,overcast clouds
429,Hualmay,PE,-11.0964,-77.6139,67.44,75,30,8.32,2021-10-19 21:10:47,scattered clouds
430,Ordu,TR,40.9086,37.6845,43.3,92,100,3.31,2021-10-19 21:10:50,overcast clouds
431,Bentiu,SS,9.2333,29.8333,77.74,62,78,3.62,2021-10-19 21:10:52,broken clouds
432,Guaymas,MX,27.9333,-110.9,84.45,65,1,11.5,2021-10-19 21:10:55,clear sky
433,Henties Bay,NA,-22.116,14.2845,58.86,90,95,8.63,2021-10-19 21:10:57,overcast clouds
434,Rio Grande,BR,-32.035,-52.0986,66.31,68,11,11.18,2021-10-19 21:11:00,few clouds
435,Yar-Sale,RU,66.8333,70.8333,34.25,99,100,4.05,2021-10-19 21:11:03,light rain
436,Mumbwa,ZM,-14.9783,27.0619,70.88,56,37,9.62,2021-10-19 21:11:05,scattered clouds
437,Dali,CN,25.7,100.1833,59.18,94,95,6.31,2021-10-19 21:02:27,overcast clouds
438,Kungurtug,RU,50.5994,97.5228,23.05,78,3,2.48,2021-10-19 21:11:12,clear sky
439,Aykhal,RU,66.0,111.5,28.62,94,97,17.43,2021-10-19 21:05:15,overcast clouds
440,Cayenne,GF,4.9333,-52.3333,84.24,78,75,1.01,2021-10-19 21:00:07,broken clouds
441,Livani,LV,56.3543,26.1758,40.03,71,98,7.38,2021-10-19 21:11:22,overcast clouds
442,Sao Joao Da Barra,BR,-21.6403,-41.0511,69.89,90,100,16.08,2021-10-19 21:11:24,overcast clouds
443,Cabedelo,BR,-6.9811,-34.8339,81.27,78,49,13.18,2021-10-19 21:04:37,scattered clouds
444,Mogadishu,SO,2.0371,45.3438,78.53,85,100,8.93,2021-10-19 21:00:25,light rain
445,Anadyr,RU,64.75,177.4833,25.3,92,75,15.01,2021-10-19 21:11:31,snow
446,Holic,SK,48.8111,17.1624,52.47,76,100,6.73,2021-10-19 21:11:34,overcast clouds
447,Rocky Mountain House,CA,52.3668,-114.9188,45.82,47,66,16.35,2021-10-19 21:11:36,broken clouds
448,Beloha,MG,-25.1667,45.05,66.42,78,96,10.94,2021-10-19 21:06:41,overcast clouds
449,Lukoyanov,RU,55.0277,44.4786,30.97,85,89,6.35,2021-10-19 21:11:41,overcast clouds
450,Sandpoint,US,48.2766,-116.5533,69.44,39,1,1.01,2021-10-19 21:07:10,clear sky
451,Prainha,BR,-1.8,-53.48,82.89,68,74,4.07,2021-10-19 21:11:46,light rain
452,Parabel,RU,58.6978,81.4825,43.57,80,96,10.67,2021-10-19 21:11:49,overcast clouds
453,Chicama,PE,-7.8447,-79.1469,59.54,63,59,9.89,2021-10-19 21:11:51,broken clouds
454,Boat Of Garten,GB,57.2491,-3.759,56.5,89,61,7.78,2021-10-19 21:11:54,broken clouds
455,Aspindza,GE,41.5739,43.2483,44.65,92,100,2.39,2021-10-19 21:11:57,overcast clouds
456,Bocas Del Toro,PA,9.3333,-82.25,81.07,72,97,5.59,2021-10-19 21:09:36,overcast clouds
457,Ostrovnoy,RU,68.0531,39.5131,35.31,62,100,19.6,2021-10-19 21:12:01,light rain
458,Maldonado,UY,-34.6667,-54.9167,65.23,72,18,12.17,2021-10-19 21:08:26,few clouds
459,Banda Aceh,ID,5.5577,95.3222,79.02,81,97,4.88,2021-10-19 21:12:09,overcast clouds
460,Turayf,SA,31.6725,38.6637,63.75,51,4,10.8,2021-10-19 21:12:11,clear sky
461,Pangai,TO,-19.8,-174.35,76.17,63,92,17.43,2021-10-19 21:12:13,overcast clouds
462,Harqalah,TN,36.0303,10.509,69.66,63,20,6.91,2021-10-19 21:12:16,few clouds
463,Starosubkhangulovo,RU,53.1031,57.4423,43.81,95,100,0.18,2021-10-19 21:12:18,overcast clouds
464,Irece,BR,-11.3042,-41.8558,84.07,36,98,5.55,2021-10-19 21:12:21,overcast clouds
465,Helong,CN,42.5397,128.9972,27.03,67,0,5.17,2021-10-19 21:12:23,clear sky
466,Hailey,US,43.5196,-114.3153,57.06,46,1,11.5,2021-10-19 21:11:21,clear sky
467,Rabo De Peixe,PT,37.8,-25.5833,65.71,72,20,5.75,2021-10-19 21:12:30,few clouds
468,Castro Daire,PT,40.8984,-7.9338,63.59,86,69,3.11,2021-10-19 21:12:33,broken clouds
469,Yarada,IN,17.65,83.2667,80.92,94,75,3.44,2021-10-19 21:12:35,light rain
470,Phra Phutthabat,TH,14.7253,100.7954,79.83,92,100,2.08,2021-10-19 21:12:38,overcast clouds
471,Mandalgovi,MN,45.7625,106.2708,29.41,53,0,9.37,2021-10-19 21:08:07,clear sky
472,Liaocheng,CN,36.4439,115.9647,48.65,61,100,3.13,2021-10-19 21:12:45,overcast clouds
473,Bermeo,ES,43.4209,-2.7215,77.2,66,30,12.59,2021-10-19 21:03:56,scattered clouds
474,Westport,US,41.1415,-73.3579,68.05,49,3,1.99,2021-10-19 21:00:19,clear sky
475,Gouyave,GD,12.1646,-61.7296,81.68,74,83,12.3,2021-10-19 21:12:52,broken clouds
476,Saint Anthony,US,45.0205,-93.218,76.3,42,1,1.99,2021-10-19 21:12:55,clear sky
477,Luchow,DE,52.9667,11.15,59.59,93,100,12.37,2021-10-19 21:12:57,overcast clouds
478,Paragominas,BR,-2.9667,-47.4833,75.67,87,63,1.3,2021-10-19 21:13:02,moderate rain
479,Paita,PE,-5.0892,-81.1144,72.16,76,100,17.11,2021-10-19 21:13:05,overcast clouds
480,Goderich,CA,43.7501,-81.7165,67.91,67,33,10.74,2021-10-19 21:13:07,scattered clouds
481,North Bend,US,43.4065,-124.2243,62.15,55,1,6.91,2021-10-19 21:13:10,clear sky
482,Tuatapere,NZ,-46.1333,167.6833,48.36,59,57,1.39,2021-10-19 21:13:12,broken clouds
483,Bilibino,RU,68.0546,166.4372,2.84,97,100,2.98,2021-10-19 21:13:15,overcast clouds
484,Guanica,PR,17.9716,-66.908,88.14,87,74,5.99,2021-10-19 21:13:17,broken clouds
485,Tabory,RU,58.5198,64.5495,46.02,86,100,4.29,2021-10-19 21:13:20,overcast clouds
486,Kempele,FI,64.9131,25.5034,27.12,86,0,6.91,2021-10-19 21:13:22,clear sky
487,Calbuco,CL,-41.768,-73.1273,67.21,89,35,6.64,2021-10-19 21:13:25,scattered clouds
488,Dalbandin,PK,28.8947,64.4101,69.42,8,0,3.87,2021-10-19 21:13:27,clear sky
489,Atar,MR,20.5169,-13.0499,87.35,10,3,7.92,2021-10-19 21:13:30,clear sky
490,Karatau,KZ,43.1667,70.4667,53.78,25,79,6.38,2021-10-19 21:13:32,broken clouds
491,Chandbali,IN,20.7833,86.7667,78.87,89,100,4.5,2021-10-19 21:13:35,light rain
492,Biak,ID,-0.9131,122.8766,76.12,82,82,3.33,2021-10-19 21:13:37,broken clouds
493,Temba,ZA,-25.3803,28.2631,64.11,59,4,10.11,2021-10-19 21:13:40,clear sky
494,Sisimiut,GL,66.9395,-53.6735,31.37,59,100,10.36,2021-10-19 21:13:43,overcast clouds
495,Laerdalsoyri,NO,61.098,7.4816,43.43,100,100,6.13,2021-10-19 21:13:45,light rain
496,Bambamarca,PE,-6.6833,-78.5333,60.57,95,96,6.29,2021-10-19 21:13:48,light rain
497,Cherdyn,RU,60.403,56.4787,32.56,85,95,5.95,2021-10-19 21:13:50,overcast clouds
498,San Jose,US,37.3394,-121.895,72.01,35,75,9.22,2021-10-19 21:11:35,broken clouds
499,Rundu,NA,-17.9333,19.7667,75.33,51,90,13.29,2021-10-19 21:13:55,overcast clouds
500,Kushiro,JP,42.975,144.3747,49.03,95,100,9.6,2021-10-19 21:13:57,moderate rain
501,Comodoro Rivadavia,AR,-45.8667,-67.5,66.06,42,0,18.41,2021-10-19 21:14:00,clear sky
502,Kruisfontein,ZA,-34.0033,24.7314,58.89,88,0,7.45,2021-10-19 21:14:03,clear sky
503,Novonikolayevskiy,RU,50.9738,42.3649,37.31,68,95,9.1,2021-10-19 21:14:05,overcast clouds
504,Ostrow Mazowiecka,PL,52.8024,21.8951,47.43,83,100,9.19,2021-10-19 21:14:08,overcast clouds
505,Cockburn Town,TC,21.4612,-71.1419,81.91,76,85,11.5,2021-10-19 21:13:04,overcast clouds
506,Ahipara,NZ,-35.1667,173.1667,62.2,67,91,4.36,2021-10-19 21:14:13,overcast clouds
507,Churapcha,RU,62.0025,132.4325,16.88,95,100,4.88,2021-10-19 21:14:15,overcast clouds
508,Paamiut,GL,61.994,-49.6678,38.73,60,0,4.07,2021-10-19 21:14:18,clear sky
509,Bar Harbor,US,44.3876,-68.2039,51.03,59,90,13.0,2021-10-19 21:14:21,overcast clouds
510,Naze,JP,28.3667,129.4833,68.74,61,97,15.79,2021-10-19 21:14:23,overcast clouds
511,Soke,ML,13.598,-5.9386,79.74,68,100,12.01,2021-10-19 21:14:26,overcast clouds
512,Ust-Kulom,RU,61.6864,53.6902,33.28,96,100,6.98,2021-10-19 21:14:28,overcast clouds
513,Bowen,AU,-20.0167,148.2333,78.01,83,65,5.82,2021-10-19 21:14:31,broken clouds
514,Floresti,MD,47.8933,28.3014,48.52,81,100,2.24,2021-10-19 21:14:33,light rain
515,Povenets,RU,62.8487,34.8262,30.02,81,22,6.55,2021-10-19 21:14:36,few clouds
516,Vila Velha,BR,-20.3297,-40.2925,73.35,88,90,9.22,2021-10-19 21:13:13,overcast clouds
517,Shitanjing,CN,39.2342,106.3439,38.84,38,8,5.26,2021-10-19 21:14:41,clear sky
518,Charters Towers,AU,-20.1,146.2667,73.53,82,90,6.44,2021-10-19 21:14:43,overcast clouds
519,Oussouye,SN,12.485,-16.5469,82.26,73,57,9.08,2021-10-19 21:14:46,broken clouds
520,Marrakesh,MA,31.6315,-8.0083,78.87,34,0,4.61,2021-10-19 21:12:41,clear sky
521,Belgrade,RS,44.804,20.4651,46.06,87,56,4.61,2021-10-19 21:14:53,broken clouds
522,Trelew,AR,-43.249,-65.3051,75.81,25,1,14.56,2021-10-19 21:14:55,clear sky
523,Karoi,ZW,-16.8099,29.6925,65.55,64,34,6.2,2021-10-19 21:14:58,scattered clouds
524,Oyama,JP,36.3,139.8,59.59,87,19,2.53,2021-10-19 21:15:00,few clouds
525,Kamenka,RU,51.3223,42.7678,37.72,70,99,8.88,2021-10-19 21:15:03,overcast clouds
526,Pipar,IN,26.3856,73.5378,76.78,36,0,5.91,2021-10-19 21:15:06,clear sky
527,Kochinda,IN,21.7333,84.35,76.33,91,95,3.02,2021-10-19 21:15:11,overcast clouds
528,Richards Bay,ZA,-28.783,32.0377,58.95,75,32,3.83,2021-10-19 21:15:14,scattered clouds
529,Los Llanos De Aridane,ES,28.6585,-17.9182,71.35,57,0,10.36,2021-10-19 21:15:17,clear sky
530,Griffith,US,41.5284,-87.4237,73.04,44,1,1.99,2021-10-19 21:15:19,clear sky
531,Santa Maria,BR,-29.6842,-53.8069,66.06,69,0,4.29,2021-10-19 21:15:22,clear sky
532,Dawei,MM,14.0833,98.2,74.7,93,45,2.82,2021-10-19 21:15:24,scattered clouds
533,Glotovka,RU,53.9491,46.7042,29.59,95,22,4.83,2021-10-19 21:15:27,few clouds
534,Norsup,VU,-16.0667,167.3833,80.47,79,100,12.41,2021-10-19 21:15:29,overcast clouds
535,Goundam,ML,16.4145,-3.6708,92.41,27,74,4.88,2021-10-19 21:15:32,broken clouds
536,Broken Hill,AU,-31.95,141.4333,56.46,40,99,10.54,2021-10-19 21:15:37,overcast clouds
537,Poso,ID,-1.3959,120.7524,76.42,81,76,3.85,2021-10-19 21:15:39,broken clouds
538,Kiunga,PG,-6.1219,141.2906,73.22,99,94,0.65,2021-10-19 21:15:42,heavy intensity rain
539,Luganville,VU,-15.5333,167.1667,80.51,78,100,9.06,2021-10-19 21:15:44,overcast clouds
540,Qidong,CN,31.8128,121.6561,60.04,58,100,11.1,2021-10-19 21:15:47,light rain
541,Ndele,CF,8.4109,20.6473,70.12,93,100,4.23,2021-10-19 21:15:49,light rain
542,Waiuku,NZ,-37.25,174.75,64.09,73,100,3.02,2021-10-19 21:15:52,overcast clouds
543,Tiarei,PF,-17.5333,-149.3333,84.22,75,100,14.61,2021-10-19 21:15:55,overcast clouds
544,Muroto,JP,33.2833,134.15,61.86,63,98,15.61,2021-10-19 21:15:57,overcast clouds
545,Horodok,UA,49.1637,26.5839,47.21,91,100,5.14,2021-10-19 21:16:00,overcast clouds
546,Seddon,AU,-37.8068,144.8916,56.79,92,20,1.01,2021-10-19 21:16:02,few clouds
547,Shellbrook,CA,53.2168,-106.4011,42.03,32,22,5.75,2021-10-19 21:16:05,few clouds
548,Vysokogornyy,RU,50.1167,139.15,9.61,92,12,1.34,2021-10-19 21:16:08,few clouds
549,Mulanje,MW,-16.0316,35.5,68.18,81,82,10.16,2021-10-19 21:16:13,broken clouds
550,Nata,PA,8.3333,-80.5167,84.07,80,90,7.36,2021-10-19 21:16:15,overcast clouds
551,Katobu,ID,-4.9408,122.5276,74.55,93,55,1.77,2021-10-19 21:16:18,broken clouds
552,Axim,GH,4.8699,-2.2405,78.84,85,100,5.77,2021-10-19 21:16:20,overcast clouds
553,Santana Do Livramento,BR,-30.8908,-55.5328,65.12,69,92,6.76,2021-10-19 21:16:25,overcast clouds
554,Strezhevoy,RU,60.7333,77.5889,48.18,71,100,13.49,2021-10-19 21:16:27,overcast clouds
555,Kedrovyy,RU,56.1667,91.8167,25.21,79,50,3.83,2021-10-19 21:16:30,scattered clouds
556,Havoysund,NO,70.9963,24.6622,27.48,75,99,5.35,2021-10-19 21:16:35,light snow
557,Mathathane,BW,-22.2687,28.7495,55.94,71,99,13.89,2021-10-19 21:16:37,overcast clouds
558,Ubauro,PK,28.1652,69.7289,77.83,12,0,7.2,2021-10-19 21:16:40,clear sky
559,Espanola,US,35.9911,-106.0806,67.28,17,0,15.79,2021-10-19 21:16:42,clear sky
560,Hengshui,CN,37.7322,115.7011,45.48,66,100,5.12,2021-10-19 21:16:45,overcast clouds
561,Maumere,ID,-8.6199,122.2111,80.22,82,100,5.88,2021-10-19 21:16:47,overcast clouds
562,Gidole,ET,5.65,37.3667,60.1,62,96,2.84,2021-10-19 21:16:16,overcast clouds
563,Turiacu,BR,-1.6633,-45.3717,80.98,71,85,7.11,2021-10-19 21:16:52,overcast clouds
564,Bani Walid,LY,31.7566,13.9942,66.9,73,77,11.36,2021-10-19 21:16:57,broken clouds
565,Novopokrovka,UA,49.8425,36.5477,35.98,70,16,7.52,2021-10-19 21:17:00,few clouds
566,Sassandra,CI,4.95,-6.0833,76.41,91,53,6.67,2021-10-19 21:17:04,light rain
567,Mitchell,US,43.7094,-98.0298,71.58,45,1,3.0,2021-10-19 21:15:31,clear sky
568,Vao,NC,-22.6667,167.4833,73.26,86,100,6.67,2021-10-19 21:17:09,overcast clouds
569,Xam Nua,LA,20.4197,104.0439,63.3,99,100,2.06,2021-10-19 21:17:11,overcast clouds
570,Shalyhyne,UA,51.5717,34.1217,33.75,79,11,7.94,2021-10-19 21:17:16,few clouds
571,Aquiraz,BR,-3.9014,-38.3911,85.21,66,50,12.12,2021-10-19 21:17:19,scattered clouds
572,Sulangan,PH,11.1373,123.7228,82.9,79,100,10.54,2021-10-19 21:17:21,overcast clouds
573,Iqaluit,CA,63.7506,-68.5145,35.33,87,90,17.0,2021-10-19 21:17:24,overcast clouds
574,Razdolinsk,RU,58.4211,94.6658,33.76,97,93,3.24,2021-10-19 21:17:26,overcast clouds
575,Ovre Ardal,NO,61.3167,7.8,41.7,100,100,5.21,2021-10-19 21:17:29,light rain
576,Santona,ES,43.4439,-3.4576,80.53,70,16,5.32,2021-10-19 21:17:32,few clouds
577,Pitimbu,BR,-7.4706,-34.8086,81.19,80,61,12.57,2021-10-19 21:17:34,broken clouds
578,Baruun-Urt,MN,46.6806,113.2792,27.81,60,4,4.29,2021-10-19 21:17:36,clear sky
579,Russell,US,32.3502,-85.1999,78.96,47,1,0.0,2021-10-19 21:15:05,clear sky
580,Brae,GB,60.3964,-1.353,53.51,99,100,11.27,2021-10-19 21:17:41,overcast clouds
581,Tamale,GH,9.4008,-0.8393,79.81,72,48,5.14,2021-10-19 21:17:44,scattered clouds
582,Laguna,US,38.421,-121.4238,71.22,40,1,3.0,2021-10-19 21:17:47,clear sky
583,Irbeyskoye,RU,55.6428,95.4522,29.05,92,45,3.29,2021-10-19 21:17:49,scattered clouds
584,Soyo,AO,-6.1349,12.3689,76.44,84,64,8.23,2021-10-19 21:17:52,broken clouds
585,Djibo,BF,14.1022,-1.6306,87.1,45,24,6.35,2021-10-19 21:17:54,few clouds
586,Abu Kamal,SY,34.4506,40.9171,72.07,42,0,8.3,2021-10-19 21:17:57,clear sky
587,Shihezi,CN,44.3,86.0333,50.95,31,99,3.42,2021-10-19 21:17:59,overcast clouds
588,Birao,CF,10.2849,22.7882,78.51,62,55,5.26,2021-10-19 21:18:04,broken clouds
589,Roald,NO,62.5833,6.1333,52.11,93,75,8.05,2021-10-19 21:18:07,light rain
590,Torbat-E Jam,IR,35.244,60.6225,55.81,14,10,1.74,2021-10-19 21:18:09,clear sky
591,Bud,US,39.447,-86.1758,69.22,55,92,6.67,2021-10-19 21:18:12,overcast clouds
592,Tanete,ID,-3.9443,119.7848,74.44,97,83,3.47,2021-10-19 21:18:14,broken clouds
593,Anshun,CN,26.25,105.9333,61.97,96,100,12.57,2021-10-19 21:18:17,overcast clouds
594,Neryungri,RU,56.6709,124.6491,15.3,96,85,3.47,2021-10-19 21:18:20,overcast clouds
595,Kalanguy,RU,51.0167,116.5167,19.08,86,34,2.77,2021-10-19 21:18:22,scattered clouds
596,Turan,VN,16.0678,108.2208,76.98,88,40,3.44,2021-10-19 21:18:25,scattered clouds
597,Antofagasta,CL,-23.65,-70.4,60.08,68,6,5.19,2021-10-19 21:18:27,clear sky
598,Mehran,IR,33.1222,46.1646,65.68,33,0,7.96,2021-10-19 21:18:30,clear sky
599,Swellendam,ZA,-34.0226,20.4417,57.49,77,0,5.61,2021-10-19 21:18:32,clear sky
600,Mahebourg,MU,-20.4081,57.7,72.25,83,40,5.75,2021-10-19 21:18:35,scattered clouds
601,Poum,NC,-20.2333,164.0167,76.03,81,100,9.42,2021-10-19 21:18:37,overcast clouds
602,Tonj,SS,7.2737,28.6822,73.96,80,81,3.36,2021-10-19 21:18:40,broken clouds
603,America Dourada,BR,-11.4553,-41.4361,79.79,46,82,1.07,2021-10-19 21:18:42,broken clouds
604,Omboue,GA,-1.5746,9.2618,75.81,84,86,5.88,2021-10-19 21:18:45,overcast clouds
605,Zoniana,GR,35.295,24.8294,59.05,81,6,7.45,2021-10-19 21:18:47,clear sky
606,Shebunino,RU,46.4339,141.8603,35.17,81,100,12.46,2021-10-19 21:18:50,light snow
607,Plastun,RU,44.7561,136.2939,23.99,69,63,7.23,2021-10-19 21:18:53,broken clouds
608,Mankapur,IN,27.0333,82.2333,74.44,95,100,4.16,2021-10-19 21:18:55,overcast clouds
609,Lahij,YE,13.1667,44.5833,79.84,71,52,4.47,2021-10-19 21:18:58,broken clouds
610,Ostersund,SE,63.1792,14.6357,34.61,100,90,12.66,2021-10-19 21:19:00,drizzle
611,Babina,IN,25.25,78.4667,73.29,76,60,5.01,2021-10-19 21:19:03,broken clouds
612,Mitsamiouli,KM,-11.3847,43.2844,76.8,77,87,6.71,2021-10-19 21:19:05,overcast clouds
613,Fethiye,TR,36.6217,29.1164,60.67,53,1,5.41,2021-10-19 21:19:08,clear sky
614,Hudson Bay,CA,52.85,-102.3842,43.92,39,6,6.11,2021-10-19 21:19:10,clear sky
615,Albanel,CA,48.8832,-72.4487,46.54,81,100,13.8,2021-10-19 21:19:13,overcast clouds
616,Sinnamary,GF,5.3833,-52.95,81.34,76,94,7.52,2021-10-19 21:19:15,light rain
617,Murray Bridge,AU,-35.1167,139.2667,64.45,53,100,14.47,2021-10-19 21:19:18,overcast clouds
618,Filadelfia,US,39.9523,-75.1638,70.2,45,1,4.0,2021-10-19 21:19:20,clear sky
619,Bonito,BR,-21.1211,-56.4819,82.0,30,1,9.95,2021-10-19 21:19:23,clear sky
620,Huarmey,PE,-10.0681,-78.1522,68.05,76,85,7.31,2021-10-19 21:19:25,overcast clouds
621,Gornopravdinsk,RU,60.05,69.9,45.46,66,94,8.08,2021-10-19 21:19:28,overcast clouds
622,Rawson,AR,-43.3002,-65.1023,67.8,41,1,14.23,2021-10-19 21:19:33,clear sky
623,Suhbaatar,MN,50.2314,106.2078,30.92,76,1,1.43,2021-10-19 21:19:35,clear sky
624,Woodward,US,36.4337,-99.3904,81.63,46,1,21.85,2021-10-19 21:19:38,clear sky
625,Capao Da Canoa,BR,-29.7456,-50.0097,63.39,70,25,7.76,2021-10-19 21:19:43,scattered clouds
626,Waw,SS,7.7029,27.9953,76.03,74,94,3.83,2021-10-19 21:19:45,overcast clouds
627,Buique,BR,-8.6231,-37.1558,79.23,45,100,11.32,2021-10-19 21:19:48,overcast clouds
628,Florianopolis,BR,-27.6146,-48.5012,66.43,51,90,8.05,2021-10-19 21:19:03,overcast clouds
629,Pombas,CV,17.1503,-25.0201,78.58,75,2,9.6,2021-10-19 21:19:52,clear sky
630,Amboasary,MG,-25.0333,46.3833,71.44,84,100,11.12,2021-10-19 21:19:55,light rain
631,Inyonga,TZ,-6.7167,32.0667,76.24,47,100,2.51,2021-10-19 21:19:57,overcast clouds
632,Raga,SS,8.4596,25.678,73.69,82,100,4.0,2021-10-19 21:20:00,overcast clouds
633,Cubuk,TR,40.2386,33.0322,47.95,66,40,6.91,2021-10-19 21:20:03,scattered clouds
634,Makinsk,KZ,52.6292,70.4169,40.75,52,86,6.91,2021-10-19 21:20:06,overcast clouds
635,Piacabucu,BR,-10.4056,-36.4344,77.67,82,100,11.1,2021-10-19 21:20:09,overcast clouds
636,Lumeje,AO,-11.55,20.7833,68.59,75,42,5.1,2021-10-19 21:20:12,scattered clouds
637,Werda,BW,-25.2667,23.2833,65.7,52,0,18.86,2021-10-19 21:20:14,clear sky
638,Oktyabrskoye,RU,43.0645,44.7417,42.94,93,100,6.71,2021-10-19 21:20:17,light intensity drizzle
639,Slave Lake,CA,55.2834,-114.769,42.78,70,90,11.5,2021-10-19 21:20:20,overcast clouds
640,Middelburg,ZA,-25.7751,29.4648,55.09,62,55,9.1,2021-10-19 21:20:22,broken clouds
641,Taketa,JP,32.9652,131.3785,50.18,87,86,3.83,2021-10-19 21:20:25,overcast clouds
642,Boa Vista,BR,2.8197,-60.6733,82.38,74,75,9.22,2021-10-19 21:20:27,moderate rain
643,Hami,CN,42.8,93.45,53.17,23,3,6.08,2021-10-19 21:20:30,clear sky
644,Huangzhai,CN,38.0751,112.6595,41.41,79,100,2.57,2021-10-19 21:20:33,light rain
645,Morondava,MG,-20.2833,44.2833,78.06,70,30,12.28,2021-10-19 21:20:35,scattered clouds
646,Cape Coast,GH,5.1053,-1.2466,78.78,85,99,7.54,2021-10-19 21:20:38,overcast clouds
647,Aquitania,CO,5.5197,-72.8875,52.41,87,90,4.38,2021-10-19 21:20:43,overcast clouds
648,Sakakah,SA,29.9697,40.2064,72.97,34,0,8.01,2021-10-19 21:20:45,clear sky
649,Solnechnyy,RU,50.7214,136.6319,19.02,82,69,2.26,2021-10-19 21:20:47,broken clouds
650,Kenora,CA,49.8167,-94.4337,48.18,66,90,10.36,2021-10-19 21:15:53,overcast clouds
651,Sungaipenuh,ID,-2.0833,101.3833,64.24,97,94,0.56,2021-10-19 21:20:52,overcast clouds
652,Alice Springs,AU,-23.7,133.8833,81.95,32,58,5.75,2021-10-19 21:20:15,broken clouds
653,Salasu De Sus,RO,45.5167,22.95,46.17,73,82,4.43,2021-10-19 21:20:57,light rain
654,Narsaq,GL,60.9167,-46.05,41.22,44,0,5.28,2021-10-19 21:21:00,clear sky
655,Redmond,US,47.674,-122.1215,64.24,63,13,1.99,2021-10-19 21:17:57,few clouds
656,Barabai,ID,-2.5833,115.3833,73.63,98,98,1.03,2021-10-19 21:21:04,overcast clouds
657,Camabatela,AO,-8.1881,15.375,63.39,95,80,3.87,2021-10-19 21:21:07,light rain
658,San Rafael,AR,-34.6177,-68.3301,82.65,13,0,15.26,2021-10-19 21:21:09,clear sky
659,Allapalli,IN,19.4167,80.0667,71.26,95,98,2.48,2021-10-19 21:21:12,overcast clouds
660,Nemuro,JP,43.3236,145.575,53.91,86,96,15.41,2021-10-19 21:21:14,overcast clouds
661,Chulman,RU,56.8479,124.9104,17.69,98,97,3.15,2021-10-19 21:21:17,overcast clouds
662,Vardo,NO,70.3705,31.1107,24.55,58,94,14.25,2021-10-19 21:21:19,overcast clouds
663,Lodja,CD,-3.4833,23.4333,67.3,99,96,1.25,2021-10-19 21:21:22,overcast clouds
664,Sosua,DO,19.7667,-70.5167,85.98,79,75,5.75,2021-10-19 21:21:25,broken clouds
665,Taltal,CL,-25.4,-70.4833,62.76,64,27,4.18,2021-10-19 21:21:27,scattered clouds
666,Grand-Santi,GF,4.25,-54.3833,82.78,66,93,0.89,2021-10-19 21:21:30,overcast clouds
667,Wittstock,DE,53.1612,12.4829,59.54,95,100,13.85,2021-10-19 21:21:32,overcast clouds
668,Emba,KZ,48.8264,58.1442,49.73,70,100,8.14,2021-10-19 21:21:35,overcast clouds
669,Beidao,CN,34.5686,105.8933,45.54,92,100,1.25,2021-10-19 21:21:37,light rain
